<resources>
    <string name="app_name">Bookoid</string>
    <string name="smallThumbnail">Thumbnail</string>
    <string name="search">Search</string>
    <string name="btn_login">LOGIN</string>
    <string name="password">Password</string>
    <string name="email">Email</string>
    <string name="navigation_drawer_open">Drawer Open</string>
    <string name="navigation_drawer_close">Drawer Closed</string>
    <string name="settings">Settings</string>
    <string name="home">Home</string>
    <string name="register">Register</string>
    <string name="login">Login</string>
    <string name="btn_register">REGISTER</string>
    <string name="profile">Profile</string>
    <string name="empty_text">You don\'t have any books.</string>
    <string name="name">Name</string>
    <string name="remove">Remove</string>
    <string name="scan">Scan</string>
    <string name="synopsis">SYNOPSIS</string>
    <string name="register_later"><u>I\'ll register later</u></string>
    <string name="register_to_add_books">Register to add books</string>
    <string name="my_books">My books</string>
    <string name="next"><![CDATA[Next >]]></string>
    <string name="sign_out">Sign out</string>
    <string name="add">Add</string>
    <string name="preview">Preview</string>
    <string name="information">INFORMATION</string>
    <string name="prev"><![CDATA[< Prev]]></string>
    <string name="try_again"><u>Try again</u></string>
    <string name="no_internet_connection">No internet connection</string>
    <string name="no_results_found">No results found</string>
</resources>
